barcode,umi,genes,pct_mt,doublet_score,predicted_doublet
AAACCCACAACGTTAC,57118,7873,8.071,0.126935,1
AAACGAAAGGGCATGT,11299,3419,8.2751,0.113208,1
AAACGAACACTGGCCA,29887,5896,8.3782,0.091787,1
AAAGAACCACTGTTCC,25066,5371,8.2582,0.143508,1
AAAGGATTCATTCTTG,28565,5718,8.1253,0.126935,1
AAAGGTACACCAGGTC,25031,5387,8.1938,0.143508,1
AAAGTGACAAGAGGCT,45403,7160,8.0744,0.22314,1
AAATGGAAGCCATTCA,36983,6541,8.1497,0.163914,1
AAATGGAAGTTTCTTC,19868,4718,8.1286,0.163914,1
AAATGGAGTCCTACAA,77713,8880,8.1775,0.189655,1
AACAAAGGTATAATGG,44857,7175,8.2952,0.22314,1
AACAAAGGTTCTTGCC,36555,6486,7.8867,0.143508,1
AACAACCAGGTGCCAA,30850,5955,8.0648,0.143508,1
AACAACCGTCGGTGAA,46109,7137,8.4018,0.268482,1
AACAACCTCGACCACG,44803,7165,8.2093,0.143508,1
AACAAGAGTCTGTCCT,58512,8040,8.253,0.143508,1
AACCAACGTCGGCCTA,34581,6296,8.1519,0.083271,1
AACCACAGTGATGTAA,4199,1687,8.3591,0.045685,0
AACCATGAGGGCTGAT,17618,4488,7.7705,0.126935,1
AACCTTTAGAGCTGAC,30969,5990,7.937,0.163914,1
AACCTTTTCATTTCCA,35350,6375,8.3338,0.22314,1
AACGAAAAGCACTTTG,42677,6984,8.1847,0.143508,1
AACTTCTGTCGTGATT,34023,6280,8.1886,0.268482,1
AAGACTCCAGGGTTGA,32288,6091,8.0185,0.163914,1
AAGACTCGTACAGTCT,28853,5776,7.9922,0.143508,1
AAGCATCCAGCAGATG,15351,4089,8.3643,0.101651,1
AAGCATCGTACCAGAG,10682,3292,8.1913,0.126935,1
AAGCGAGCAGTAACGG,15011,4010,8.0341,0.143508,1
AAGCGAGGTTGCGTAT,32755,6137,8.1545,0.126935,1
AAGGTAACACCGGCTA,45269,7098,8.2617,0.126935,1
AAGTACCAGAATCGAT,45605,7080,8.1723,0.163914,1
AAGTCGTGTCCCTCAT,31310,5978,8.1156,0.126935,1
AAGTGAATCGTAGTGT,2777,1262,7.7062,0.053691,1
AATAGAGAGCATTGAA,21073,4901,8.1384,0.163914,1
AATAGAGTCATTTGTC,27410,5678,8.2233,0.101651,1
AATCACGCAATCTCTT,80700,8897,8.2565,0.189655,1
AATCACGGTCGTTTCC,48041,7316,8.1306,0.143508,1
AATCGACAGGCCACTC,28218,5667,8.2004,0.163914,1
AATCGACCAAGCTGTT,17982,4500,8.0914,0.126935,1
AATCGTGAGAAACCCG,9594,3032,7.9008,0.126935,1
AATGAAGCAGGACATG,27993,5664,8.2842,0.143508,1
AATGACCTCTTTGCGC,24381,5230,8.0431,0.113208,1
AATGCCATCGGTCGGT,8950,2888,8.6927,0.075843,1
AATGGAACATAACTCG,1282,710,8.3463,0.016175,0
AATGGAAGTTTATGCG,15471,4136,8.0021,0.143508,1
AATGGAATCAACACGT,11270,3370,8.1544,0.163914,1
AATTTCCAGCGTACAG,135720,10584,8.1602,0.143508,1
AATTTCCCACCGTCTT,37500,6499,8.1733,0.163914,1
ACAAAGAGTAGACAGC,96384,9584,8.2109,0.189655,1
ACAACCACAATGAACA,100589,9679,8.0665,0.163914,1
ACACCAACATCCTGTC,18343,4550,7.9485,0.126935,1
ACACCAATCCAGCAAT,44175,7025,8.2286,0.143508,1
ACACGCGTCACTGATG,29844,5861,8.3434,0.163914,1
ACACTGACACTGTCCT,24141,5271,8.3012,0.143508,1
ACAGAAACAATAACGA,39573,6789,8.1545,0.163914,1
ACAGCCGCAGCCCACA,54142,7617,8.3632,0.143508,1
ACATCCCCAATGTGGG,19058,4701,8.0963,0.113208,1
ACATCGACATCCTCAC,29064,5771,8.612,0.126935,1
ACATCGAGTATCAAGA,11850,3503,8.692,0.113208,1
ACATGCAAGCTGACTT,8324,2769,8.5776,0.083271,1
ACCAAACAGTCCTGCG,28467,5733,8.1744,0.189655,1
ACCAAACTCCCTCATG,64243,8173,8.1721,0.143508,1
ACCACAAAGCGTATAA,19766,4682,8.2768,0.113208,1
ACCACAAGTTGCGGAA,7247,2538,7.9619,0.113208,1
ACCCTCAAGCAAGCCA,10000,3064,7.83,0.063512,1
ACCGTTCCATGACAAA,20507,4827,7.8997,0.113208,1
ACCGTTCGTTCTCCCA,25638,5432,7.9218,0.101651,1
ACCGTTCTCACGGGCT,8737,2909,8.3553,0.058338,1
ACCTACCCAGGGAGAG,22956,5147,8.7123,0.163914,1
ACCTGAATCTAGCCAA,37433,6587,7.9609,0.113208,1
ACCTGTCAGCTGGCCT,23669,5242,8.2851,0.126935,1
ACCTGTCGTCGACTTA,24883,5351,8.1622,0.189655,1
ACGCACGAGCATACTC,46448,7233,8.0563,0.143508,1
ACGCACGCATCTTTCA,18351,4558,8.0977,0.143508,1
ACGGGTCAGAAACTAC,38568,6685,8.297,0.189655,1
ACGGTCGAGCAAATCA,26187,5503,8.4737,0.22314,1
ACGGTCGCAGGAATAT,28272,5655,8.2343,0.163914,1
ACGTAACAGCTTCATG,29052,5780,8.2197,0.143508,1
ACGTACAAGGAGGTTC,28711,5762,8.0457,0.163914,1
ACGTAGTGTATGCAAA,44529,7090,8.0622,0.268482,1
ACGTCCTAGCAGCAGT,32950,6193,8.2064,0.22314,1
ACGTCCTCATCAGCTA,11122,3286,8.3079,0.091787,1
ACTACGAGTTTGATCG,51442,7508,8.2987,0.126935,1
ACTACGATCGCTAATG,14779,3985,8.0858,0.101651,1
ACTATGGCAATAGTCC,23262,5142,8.1893,0.143508,1
ACTATGGCAATCAGCT,12867,3715,7.9195,0.075843,1
ACTATGGGTCGAACGA,112488,9981,8.2355,0.22314,1
ACTATGGTCGAACGAA,521,324,6.9098,0.022589,0
ACTCCCAAGCATGTTC,38897,6670,8.3451,0.189655,1
ACTCCCAGTGAGAACC,32220,6116,8.144,0.189655,1
ACTCCCATCACCTCTG,25505,5430,8.069,0.143508,1
ACTGATGTCCAAATGC,24680,5384,8.4806,0.126935,1
ACTGTCCGTAGCTAAA,15244,4033,8.1803,0.063512,1
ACTTAGGGTGCCTGAC,25471,5350,8.3899,0.126935,1
ACTTAGGTCCAGTGCG,34144,6237,8.0571,0.126935,1
ACTTATCCATCAGCAT,33265,6134,8.1708,0.189655,1
ACTTATCCATGAGATA,5776,2136,8.4661,0.063512,1
ACTTATCGTCATGGCC,24018,5242,8.0689,0.113208,1
ACTTATCTCACGGGCT,355,259,9.8592,0.030928,0
ACTTCCGGTGCCCACA,54770,7686,8.2472,0.22314,1
ACTTCGCAGCCTCTTC,51798,7515,8.1046,0.189655,1
AGAACAACAAATAAGC,299,222,7.3579,0.042213,0
AGAAGCGGTGCAACGA,28865,5726,8.1171,0.126935,1
AGAAGCGTCGCTAGCG,18267,4576,8.2006,0.143508,1
AGAAGTATCTCATAGG,24420,5343,8.3374,0.143508,1
AGACAAAGTGTTACAC,51763,7587,8.1158,0.189655,1
AGACAGGAGCTGAGTG,30343,5968,7.9821,0.143508,1
AGACAGGCAGCTCTGG,39061,6620,8.4509,0.22314,1
AGACCATTCAGGAAAT,32827,6201,8.1335,0.091787,1
AGACTCAAGCGATGCA,13270,3769,8.214,0.101651,1
AGAGAGCTCGCGTCGA,9564,3060,8.5006,0.039033,0
AGATAGAAGAATTCAG,65328,8311,8.0624,0.163914,1
AGATAGATCAGATTGC,14364,3996,8.0688,0.126935,1
AGATAGATCCGTGGGT,234,183,5.9829,0.024463,0
AGATCCACACACTTAG,19471,4675,7.9965,0.163914,1
AGATGAAAGAATAACC,33337,6186,8.2791,0.143508,1
AGATGCTAGCACTAAA,10894,3292,8.3349,0.101651,1
AGATGCTGTCAGACGA,488,315,8.8115,0.030928,0
AGCATCACAGGTGAGT,41246,6755,8.4808,0.143508,1
AGCCAGCAGGTAGGCT,22649,5135,8.124,0.113208,1
AGCGATTAGGGTTGCA,10753,3271,8.4907,0.075843,1
AGCGATTCACTTCTCG,31290,6074,8.1879,0.22314,1
AGCGCCACAGGGAGAG,25745,5392,8.5182,0.101651,1
AGCGTATGTTGTGTAC,30783,5977,8.0986,0.143508,1
AGCGTCGGTAGGCAAC,2277,1099,7.9491,0.049494,0
AGCTACACAAGAGATT,6301,2256,8.2368,0.069307,1
AGCTACATCTACTATC,5905,2171,8.8908,0.053691,1
AGCTCAATCCCGAAAT,8306,2819,8.1267,0.101651,1
AGGAAATGTTTAAGGA,11023,3355,8.4097,0.189655,1
AGGAATATCACCATGA,21915,5017,8.1679,0.143508,1
AGGACTTAGTCAGGGT,18464,4596,8.3406,0.143508,1
AGGAGGTAGACAGCTG,13269,3707,8.1016,0.126935,1
AGGAGGTGTACGATTC,57064,7846,8.2136,0.189655,1
AGGATAACAAGACAAT,20203,4813,8.1028,0.163914,1
AGGATCTGTAGTATAG,28679,5745,8.0895,0.189655,1
AGGATCTTCTCAACCC,97848,9645,8.1156,0.163914,1
AGGGCCTCAATTCTTC,27769,5688,8.0341,0.189655,1
AGGGCCTCACAGTCCG,37794,6540,8.0039,0.189655,1
AGGGTGAAGAAGCTCG,1327,715,9.043,0.019185,0
AGGGTTTGTCGTACTA,63657,8230,8.1484,0.113208,1
AGGTCATCAGCTGGTC,16393,4271,8.2657,0.113208,1
AGGTCATTCGCCCAGA,56624,7858,8.0796,0.143508,1
AGGTCTAAGATTGGGC,19785,4675,8.5267,0.163914,1
AGGTCTAAGGTTGAGC,663,432,6.9382,0.019185,0
AGGTCTATCAAGGAGC,16271,4308,8.1372,0.113208,1
AGGTCTATCCTATGGA,3078,1342,7.9272,0.028617,0
AGGTTACAGACGGTCA,21827,4982,8.2558,0.143508,1
AGGTTACCAGCGGTTC,39907,6820,7.9485,0.143508,1
AGGTTGTCACCAAAGG,22221,5060,7.8034,0.113208,1
AGGTTGTTCTGAACGT,3075,1427,7.9024,0.039033,0
AGTACCACATTAAGCC,28322,5723,8.5128,0.126935,1
AGTCAACCAAGTCCAT,33767,6267,8.2714,0.143508,1
AGTCATGTCTCATGCC,28247,5674,8.3124,0.143508,1
AGTCTCCGTCCTCCTA,30305,5940,8.0053,0.22314,1
AGTGATCTCGAGTCCG,25524,5460,7.9376,0.126935,1
AGTGTTGAGCGTTCCG,21225,4864,8.3675,0.113208,1
AGTGTTGCATCGAACT,6116,2239,8.0118,0.069307,1
AGTGTTGGTCTACGAT,50545,7421,8.1333,0.113208,1
AGTGTTGTCGGCCTTT,21228,4933,8.0884,0.22314,1
AGTTCCCGTTCTAACG,15558,4042,8.1887,0.113208,1
AGTTCGAAGTTAACGA,70830,8496,8.2112,0.163914,1
ATACCTTAGGCTGAAC,24186,5280,7.8641,0.143508,1
ATACCTTCAGGTATGG,18043,4517,8.2026,0.083271,1
ATAGAGACAGGCCCTA,39316,6717,8.2409,0.22314,1
ATAGAGACAGGGATAC,11223,3400,8.242,0.163914,1
ATAGAGATCGTTCCCA,44509,7011,8.1332,0.163914,1
ATAGGCTAGAAGTCTA,3936,1638,8.6382,0.022589,0
ATCACGAAGAGGTATT,27399,5704,8.2594,0.143508,1
ATCACGAAGTCTCGTA,17632,4439,8.3201,0.091787,1
ATCACTTTCATCACTT,26542,5512,8.1192,0.143508,1
ATCAGGTCACGACAAG,8937,2875,7.8886,0.163914,1
ATCATTCCACAAGTGG,40222,6755,7.9658,0.113208,1
ATCCATTAGACTTCAC,25144,5417,7.978,0.113208,1
ATCCATTAGAGTATAC,719,450,9.7357,0.024463,0
ATCCATTCAAGAGGTC,20504,4887,8.1886,0.113208,1
ATCCCTGTCTTCACAT,29569,5779,8.1065,0.189655,1
ATCCGTCTCGCTCATC,1734,881,7.2088,0.019185,0
ATCGCCTAGGAAGTAG,35825,6417,8.0363,0.22314,1
ATCGGATCACTACACA,484,327,8.2645,0.020833,0
ATCGGCGAGACTCGAG,27764,5570,8.1508,0.163914,1
ATCGGCGCAGTGAGCA,20917,4944,8.2421,0.163914,1
ATCGTCCAGCATCCCG,39268,6729,8.1262,0.126935,1
ATCGTCCCAGCGGATA,14592,3962,8.1277,0.101651,1
ATCTCTAGTACAGTCT,32426,6066,7.9998,0.126935,1
ATCTCTAGTCAGCTTA,41601,6879,8.0407,0.163914,1
ATCTTCACACCCATAA,2457,1160,8.2621,0.030928,0
ATGAAAGGTTATGACC,29580,5862,8.4009,0.143508,1
ATGAAAGTCAGACCCG,39989,6722,8.2248,0.143508,1
ATGCGATAGGATATAC,13388,3804,7.7906,0.143508,1
ATGCGATAGTCTGCAT,59237,7948,8.206,0.143508,1
ATGGGAGAGCGTGTCC,22871,5135,8.3556,0.163914,1
ATGGTTGAGCGCCTTG,47740,7323,8.2614,0.143508,1
ATGGTTGCAGGTCAAG,33906,6223,7.8275,0.126935,1
ATGTCCCCAGCGTTGC,27339,5658,8.3141,0.126935,1
ATTACTCGTATTGACC,18609,4569,8.1305,0.163914,1
ATTATCCAGGATGCGT,27079,5602,8.346,0.189655,1
ATTATCCGTCGGAAAC,30613,5949,8.1142,0.189655,1
ATTCAGGCAAGATGTA,446,305,8.5202,0.022589,0
ATTCATCCAAGCACCC,14822,3989,8.204,0.189655,1
ATTCATCTCACCTGGG,76007,8837,8.169,0.143508,1
ATTCCATTCCACATAG,15703,4179,8.2023,0.163914,1
ATTCGTTAGGAGACCT,39533,6754,8.226,0.143508,1
ATTCGTTGTAACAGGC,29080,5752,8.1843,0.143508,1
ATTCTACAGAGCGACT,14368,3963,7.9621,0.163914,1
ATTCTACGTTATCCAG,25416,5472,8.1799,0.189655,1
ATTCTTGTCTATCCAT,5805,2149,8.0448,0.101651,1
ATTGGGTAGACTCCGC,22563,5027,8.1549,0.126935,1
ATTGTTCCACTAGGTT,17061,4413,8.3055,0.113208,1
ATTGTTCGTTATGTGC,25132,5402,8.2882,0.083271,1
ATTTCACGTGGATCAG,7913,2724,7.8352,0.075843,1
ATTTCTGCAAAGCTAA,47330,7217,8.202,0.143508,1
CAACCAATCCACGGGT,18981,4608,8.1766,0.163914,1
CAACGATAGCGAGAAA,570,372,7.0175,0.036112,0
CAACGATCAGATACTC,24331,5305,8.1624,0.101651,1
CAACGATTCATTGCGA,35837,6385,8.1647,0.189655,1
CAACGGCAGCAACCAG,23705,5271,8.1713,0.163914,1
CAACGGCAGTATCCTG,36637,6545,8.2212,0.143508,1
CAACGGCGTGACTCTA,23362,5208,8.5523,0.126935,1
CAAGAGGCAGACATCT,26476,5554,8.2112,0.126935,1
CAAGCTACAGCGTTTA,35841,6390,8.1666,0.268482,1
CAATCGAAGACGAGCT,26610,5499,8.2826,0.22314,1
CAATCGAAGGGCTTCC,29430,5837,8.2263,0.126935,1
CAATCGAGTCCCGCAA,77111,8875,8.1869,0.163914,1
CAATGACGTGGCAACA,24937,5351,8.2127,0.143508,1
CACAACACAAACGGCA,20953,4978,8.0514,0.189655,1
CACAGGCCAGATCACT,33432,6186,8.0432,0.143508,1
CACATGAAGCTATCCA,59806,7990,8.1497,0.143508,1
CACATGACAGTCCGTG,15373,4067,7.897,0.126935,1
CACATGATCTGGGTCG,26330,5526,8.0023,0.113208,1
CACCAAAGTGGCTTAT,17960,4469,8.4633,0.083271,1
CACGGGTAGTGCTAGG,27748,5625,8.2997,0.143508,1
CACGTGGTCCCTCTCC,34475,6282,8.3075,0.113208,1
CACGTTCTCGAACGGA,11153,3357,8.2041,0.083271,1
CACTGAACAAGCTCTA,27763,5739,8.5149,0.163914,1
CACTGGGAGGAACTCG,2594,1184,8.5582,0.045685,0
CACTGGGAGTTAGAAC,11429,3384,8.1809,0.113208,1
CACTGGGTCAAAGACA,28915,5735,8.3728,0.189655,1
CACTGGGTCATGACAC,25076,5337,8.1353,0.189655,1
CACTGTCCAACGATTC,40269,6667,8.5152,0.163914,1
CACTTCGTCCATCTAT,36762,6574,8.1089,0.091787,1
CAGAGCCTCGCTCATC,10861,3229,8.2129,0.083271,1
CAGATACAGTATGGCG,31201,6084,8.285,0.143508,1
CAGATCATCTGCTTAT,27123,5637,8.3582,0.101651,1
CAGATTGTCTCAGAAC,348,253,9.4828,0.019185,0
CAGCAATGTTTGAACC,23962,5253,7.9876,0.126935,1
CAGCCAGCAATCAGCT,52821,7530,8.3755,0.189655,1
CAGCCAGCAGCGGTCT,20685,4880,8.233,0.163914,1
CAGCCAGTCGAGAGCA,8575,2869,7.895,0.126935,1
CAGGGCTCACTCAAGT,25488,5398,8.2392,0.143508,1
CAGGGCTGTTGGCTAT,28880,5807,8.2271,0.113208,1
CAGGTATGTATTGGCT,21286,4947,7.8737,0.189655,1
CAGGTATGTCCTGAAT,22730,5123,7.8883,0.163914,1
CAGTGCGCAATCGCAT,283,199,10.2473,0.045685,0
CAGTGCGCATGACCCG,1703,872,7.6923,0.036112,0
CAGTGCGGTAGTTACC,25054,5334,8.2023,0.126935,1
CAGTTCCTCAAGAGTA,32972,6098,8.2312,0.163914,1
CAGTTCCTCACCTCGT,6007,2216,8.2404,0.069307,1
CATAAGCGTGCCTTCT,15639,4129,8.4916,0.126935,1
CATAAGCTCAAGTGTC,33862,6274,8.3427,0.163914,1
CATAAGCTCGGTCTAA,10114,3178,8.2559,0.083271,1
CATACAGGTATCCTCC,80254,8955,7.9834,0.163914,1
CATACCCCACTATCGA,45557,7129,8.1788,0.22314,1
CATACCCGTCCAACGC,38609,6558,8.2235,0.163914,1
CATACCCGTGTGTCCG,12141,3508,8.6154,0.083271,1
CATACCCGTTCGTACA,29389,5772,8.0915,0.126935,1
CATACTTAGTCCGCGT,24379,5344,8.413,0.126935,1
CATCAAGAGGGACTGT,16928,4328,8.0163,0.083271,1
CATCAAGTCTTCCACG,42527,6923,8.1525,0.143508,1
CATCCCAAGAGCCCAA,21587,4951,8.4264,0.126935,1
CATCGCTCACAAGCAG,57153,7787,8.374,0.126935,1
CATGAGTAGCAATTCC,42222,6875,8.0408,0.143508,1
CATGAGTAGGCCATAG,25893,5474,8.1798,0.163914,1
CATGAGTGTACCGTGC,258,199,10.0775,0.039033,0
CATGCAAAGCCTCAGC,24635,5334,8.1916,0.143508,1
CATGCGGCACAAGCTT,33718,6209,8.322,0.163914,1
CATGCGGCATATGAAG,36425,6453,8.0604,0.163914,1
CATGCTCAGATGCAGC,22559,5047,8.2317,0.083271,1
CATGCTCAGTGGATTA,49370,7282,8.3067,0.268482,1
CATGCTCGTGTAACGG,19538,4724,8.2404,0.113208,1
CATGCTCTCTCTCGAC,63056,8206,8.0658,0.143508,1
CATGCTCTCTGGAAGG,663,432,7.2398,0.033419,0
CATGGATGTCAAAGTA,11127,3352,8.412,0.075843,1
CATGGATTCCGTATAG,752,449,8.3777,0.014797,0
CATTCCGAGGAAACGA,75944,8854,8.1995,0.143508,1
CATTGAGTCATTGCCC,26447,5559,8.3034,0.069307,1
CCAAGCGGTATCAGCT,10929,3364,7.9513,0.091787,1
CCAATGACAGCTCGGT,10428,3225,7.8443,0.143508,1
CCAATGAGTAGTGTGG,23618,5303,8.0574,0.126935,1
CCAATGAGTTCAGCGC,22206,5048,8.187,0.163914,1
CCAATTTCACCAGCTG,69217,8625,8.209,0.189655,1
CCAATTTTCGTGTCAA,14703,4047,7.7535,0.063512,1
CCACAAATCGACCCAG,46137,7255,8.0131,0.126935,1
CCACAAATCGATTGGT,16379,4200,8.1446,0.101651,1
CCACCATCACTAACCA,40613,6800,8.3495,0.143508,1
CCACCATGTTCGGGTC,997,556,7.9238,0.045685,0
CCACGAGTCCAACTAG,33466,6263,8.0559,0.268482,1
CCACTTGTCAACCGAT,23551,5280,8.161,0.189655,1
CCATAAGCAAGATGTA,398,275,8.794,0.042213,0
CCATAAGCACGCAGTC,8350,2840,7.8443,0.075843,1
CCATAAGGTATGTCTG,25772,5457,8.0242,0.143508,1
CCATCACCACACGTGC,27643,5622,8.541,0.163914,1
CCATCACTCACATCAG,11814,3437,8.236,0.058338,1
CCCAACTAGTATAGAC,73842,8659,8.2528,0.126935,1
CCCAACTCATAGATGA,109671,9900,8.1535,0.163914,1
CCCATTGGTAACGATA,22636,5027,8.0403,0.189655,1
CCCATTGGTAATCAGA,10245,3097,8.3553,0.113208,1
CCCGAAGTCGACATCA,68098,8361,8.1955,0.143508,1
CCCTAACGTGTACGCC,30356,6005,8.1104,0.143508,1
CCCTCAACAAATTAGG,15091,4047,8.0975,0.163914,1
CCCTCAAGTTGCTCGG,36793,6475,8.1238,0.143508,1
CCCTCTCCAGCTGTCG,28511,5785,8.4248,0.113208,1
CCCTTAGAGATGATTG,13736,3889,8.1101,0.083271,1
CCCTTAGCAGAGTTGG,23185,5121,8.1561,0.113208,1
CCCTTAGGTTCGAACT,242,175,9.5041,0.030928,0
CCGATCTTCCACAGGC,45850,7184,8.3141,0.126935,1
CCGATGGTCAATCCAG,51691,7612,7.9917,0.163914,1
CCGCAAGTCTCCCATG,32203,6134,8.347,0.189655,1
CCGGTAGCACCGTACG,17955,4406,8.3821,0.113208,1
CCGGTGAAGAATAGTC,11376,3466,8.1927,0.101651,1
CCGGTGACAAATACGA,36425,6515,8.2334,0.268482,1
CCGTGAGAGTTTCGAC,19055,4673,8.0084,0.143508,1
CCTAAGAAGCAGCACA,21020,4864,8.197,0.126935,1
CCTAAGAGTCAAGCCC,15812,4133,8.0256,0.126935,1
CCTACGTAGCAGGCTA,23834,5218,8.1187,0.163914,1
CCTATCGCATCCGTTC,40913,6884,7.907,0.163914,1
CCTCAACGTACCTAAC,32192,6115,8.3437,0.126935,1
CCTCAACGTTGCTCCT,52429,7555,8.2435,0.163914,1
CCTCAGTGTTGGATCT,27099,5684,7.897,0.143508,1
CCTCAGTTCGCACGAC,57006,7840,8.4061,0.163914,1
CCTCAGTTCTCACCCA,21398,4926,8.3372,0.22314,1
CCTCATGGTCTGCGCA,1786,933,8.9026,0.049494,0
CCTCATGGTGCTGTCG,38853,6565,8.2928,0.143508,1
CCTCATGTCACGGGAA,33041,6130,8.1656,0.189655,1
CCTCCAAAGAAAGCGA,25029,5423,8.0587,0.189655,1
CCTCCAAGTCGTCAGC,21261,4919,8.0852,0.126935,1
CCTGCATCAATAGTGA,32889,6183,7.8902,0.163914,1
CCTGCATCAGACATCT,32957,6128,8.3837,0.126935,1
CCTTCAGGTATGTCAC,34014,6214,8.0261,0.143508,1
CCTTGTGAGGTCCCGT,34259,6266,8.0913,0.189655,1
CCTTGTGAGTCACGCC,18187,4539,8.0937,0.143508,1
CCTTTGGAGACAACAT,21097,4898,8.0296,0.143508,1
CCTTTGGCAAGCAATA,43320,6994,8.144,0.126935,1
CCTTTGGCATGAAGGC,19799,4712,8.4095,0.143508,1
CGAGAAGAGGGAGGGT,24944,5297,8.2184,0.22314,1
CGAGAAGGTGCCCACA,72420,8590,8.1069,0.189655,1
CGAGGCTCAGAACTCT,21614,4951,8.055,0.189655,1
CGAGGCTGTAGGAGGG,16864,4346,7.9993,0.189655,1
CGAGTGCAGTGCGACA,34588,6331,7.9825,0.143508,1
CGAGTGCTCGTTTACT,4764,1833,7.1998,0.069307,1
CGAGTTAGTCGTCGGT,31380,6018,7.747,0.101651,1
CGATGGCCAGACCATT,38446,6656,8.1257,0.113208,1
CGCATAACAAATGAAC,634,388,9.1483,0.017636,0
CGCATGGGTTCTGACA,5352,2032,7.997,0.063512,1
CGCCATTAGCGCACAA,16277,4268,8.2878,0.126935,1
CGCCATTAGTAGGGTC,7618,2646,8.493,0.091787,1
CGGAACCCAGAAATCA,20471,4823,8.0455,0.143508,1
CGGAACCGTCTCGGAC,43119,6958,8.4278,0.101651,1
CGGAACCTCTTCGTAT,17608,4474,8.0418,0.163914,1
CGGAATTAGGGTCAAC,4071,1705,8.057,0.042213,0
CGGAATTCACCTGCTT,22001,5046,8.2996,0.163914,1
CGGAGAAGTATGACAA,204,165,9.3137,0.024463,0
CGGGACTCAATGCAGG,31839,6052,8.342,0.22314,1
CGGGTCAAGATGAACT,18882,4641,8.0977,0.101651,1
CGGGTCAGTCTGTAAC,46021,7207,7.9116,0.22314,1
CGGGTCATCACCACAA,16250,4257,8.1354,0.101651,1
CGGGTGTCAGGGTCTC,16134,4216,7.7662,0.126935,1
CGGTCAGCATTCACAG,29375,5767,8.0783,0.126935,1
CGGTCAGGTCCTCATC,63213,8129,8.2293,0.189655,1
CGTAAGTAGGTAGTCG,20950,4899,8.2243,0.163914,1
CGTAAGTTCAAGTCTG,32232,6107,8.2837,0.143508,1
CGTAATGGTCTACAAC,45894,7116,7.9422,0.126935,1
CGTCAAACACAACGAG,63211,8146,8.2027,0.189655,1
CGTGAATCAGGTCCCA,12768,3649,7.7851,0.101651,1
CGTGATACAATTGAAG,18335,4519,8.4374,0.126935,1
CGTGCTTGTCATATGC,23374,5159,8.0003,0.126935,1
CGTTAGACATCTAACG,25331,5407,7.9981,0.163914,1
CGTTAGAGTGTGTGTT,18409,4501,8.3057,0.126935,1
CGTTAGATCGTGAGAG,15956,4180,8.2916,0.091787,1
CTAACCCCAGCAGAAC,702,437,7.6923,0.049494,0
CTAACCCGTTACGCCG,11675,3469,7.9229,0.091787,1
CTAACTTGTACTCGTA,27940,5719,7.8883,0.126935,1
CTACATTAGACTGGGT,234,184,8.547,0.042213,0
CTACCCAGTCTCGGGT,20429,4839,7.7635,0.163914,1
CTACCTGCAGGGTCTC,17566,4403,8.3229,0.101651,1
CTACCTGGTCTAGGCC,74623,8655,8.2227,0.113208,1
CTACGGGTCATGGGAG,154059,10995,8.1248,0.163914,1
CTACTATCACGACGCT,38634,6666,8.2026,0.189655,1
CTAGGTAAGCCGTTGC,5002,2012,7.8169,0.075843,1
CTATAGGTCAAAGGAT,19415,4726,8.1483,0.143508,1
CTATCCGAGAGCATCG,23290,5132,8.0635,0.126935,1
CTATCCGAGCTCTATG,33387,6171,8.1289,0.189655,1
CTATCTAAGCGCCATC,19267,4705,8.2265,0.101651,1
CTATCTACACGACGAA,400,262,7.25,0.042213,0
CTATCTATCGACGTCG,24068,5282,8.2392,0.126935,1
CTCAACCGTGCAATGG,16812,4327,7.9943,0.063512,1
CTCAACCGTGGTGATG,17414,4438,8.3955,0.143508,1
CTCAATTAGGCATCTT,1266,713,8.3728,0.024463,0
CTCAATTTCGGTAGAG,29177,5869,8.1023,0.163914,1
CTCACTGTCCACGGGT,18211,4477,8.3082,0.126935,1
CTCAGAACATGACTCA,19150,4613,8.0366,0.113208,1
CTCAGTCGTCGTGCCA,8393,2762,8.3284,0.113208,1
CTCAGTCTCAGCTTGA,29775,5883,7.8421,0.126935,1
CTCATCGCACAGCTTA,25776,5504,8.4187,0.143508,1
CTCATCGCATATAGCC,30191,5884,8.5423,0.268482,1
CTCATGCTCATTCTTG,229,193,6.1135,0.030928,0
CTCCAACCAGCGTAGA,17145,4387,7.9615,0.189655,1
CTCCACAGTCCGGCAT,45850,7144,8.2007,0.189655,1
CTCCACATCCATACAG,1462,783,8.2079,0.019185,0
CTCCATGGTGCTGTCG,15213,4020,8.3744,0.126935,1
CTCCCAAAGTTATGGA,38461,6597,8.0523,0.163914,1
CTCCCTCCAAGCACAG,29919,5910,8.3225,0.113208,1
CTCCCTCCAATAGTAG,15540,4135,8.0438,0.091787,1
CTCCGATGTTGTGTTG,25113,5377,8.3542,0.126935,1
CTCCGATTCATCACAG,88726,9210,8.1611,0.189655,1
CTCCTCCGTATGCGGA,14836,3991,8.021,0.091787,1
CTCCTCCGTCAACCAT,52719,7568,8.2703,0.189655,1
CTCCTTTTCAATGTCG,40803,6843,8.193,0.163914,1
CTCCTTTTCGCCGTGA,1890,937,8.3069,0.036112,0
CTCCTTTTCTCTCCTC,243,170,8.2305,0.028617,0
CTCGAGGGTAATCAGA,41138,6802,8.0801,0.126935,1
CTCTCGATCGGCTGAC,233,184,6.867,0.039033,0
CTGAGCGCATAGGTTC,7517,2588,8.4741,0.126935,1
CTGAGGCCAATCTCTT,79712,8969,8.054,0.163914,1
CTGATCCAGGTCGCCT,7289,2556,7.9298,0.069307,1
CTGCAGGTCCTGGTCT,280,199,8.2143,0.033419,0
CTGCATCAGCCAAGGT,34428,6155,8.1881,0.163914,1
CTGCATCGTGTAAACA,28737,5719,8.1463,0.126935,1
CTGGCAGTCGATGGAG,22662,5114,8.3047,0.22314,1
CTGGTCTAGACATATG,32684,6132,7.9244,0.143508,1
CTGGTCTAGCCTGTCG,47333,7257,8.1275,0.143508,1
CTGGTCTTCTAGCAAC,34632,6403,8.0648,0.189655,1
CTGTAGAAGGTGAGAA,26700,5560,8.3745,0.113208,1
CTGTAGACAACGTTAC,38107,6617,8.0746,0.126935,1
CTGTAGAGTAGAGTTA,17755,4439,8.0315,0.101651,1
CTGTCGTCACCGTCTT,5571,2121,7.898,0.058338,1
CTGTCGTGTTCCTAGA,15983,4231,8.1149,0.083271,1
CTGTCGTGTTGGGACA,781,470,8.8348,0.024463,0
CTGTGGGAGGATGAGA,230,175,8.2609,0.036112,0
CTGTGGGGTTGCAACT,14930,4038,8.0241,0.113208,1
CTTACCGTCTCTCGAC,30989,6015,8.3384,0.126935,1
CTTCAATTCAGCAATC,30704,5999,8.0413,0.163914,1
CTTCCGAAGTCCCAAT,26698,5583,8.1729,0.22314,1
CTTCCTTGTGCAAGAC,20310,4787,8.2472,0.126935,1
CTTCGGTCACAGAAGC,33395,6206,8.2168,0.163914,1
CTTCTCTGTACAGGTG,26168,5544,7.9257,0.143508,1
CTTGATTGTTCCTTGC,55014,7751,8.0998,0.163914,1
CTTTCAATCATTGAGC,25881,5474,8.3613,0.143508,1
CTTTCAATCCATGAGT,35111,6363,8.5984,0.113208,1
GAAACCTTCTGGGCAC,26436,5512,8.2009,0.113208,1
GAACACTAGTATAACG,282226,12952,8.2087,0.143508,1
GAACACTGTACTCAAC,39574,6746,7.9598,0.163914,1
GAACACTTCGGATTAC,70413,8447,8.1675,0.163914,1
GAACGTTAGACAACTA,20016,4795,8.2784,0.143508,1
GAACGTTCAGTTAGGG,1281,716,8.509,0.017636,0
GAACGTTGTAAGGAGA,47249,7286,8.0552,0.143508,1
GAACGTTTCGCCTCTA,42866,6973,8.0343,0.143508,1
GAACTGTCAAACCATC,1131,648,7.3386,0.028617,0
GAAGAATAGCTAGAAT,27323,5614,8.1616,0.126935,1
GAAGAATCAGAGTCTT,2559,1158,8.2063,0.036112,0
GAAGCGAAGTGGTCAG,7134,2493,8.4525,0.069307,1
GAAGCGATCATTACGG,487,334,6.5708,0.014797,0
GAAGGGTCACAATGAA,43183,6990,8.2463,0.22314,1
GAAGGGTGTACACTCA,11741,3493,7.9976,0.091787,1
GAAGTAAGTCAGTCTA,10132,3091,8.5867,0.113208,1
GAATAGAGTGTGTACT,16147,4168,7.9891,0.189655,1
GAATCACAGCACCTGC,26579,5459,8.1944,0.143508,1
GAATCACCAGCGATTT,18374,4553,8.2072,0.113208,1
GACACGCAGGATACCG,21760,4958,8.1342,0.143508,1
GACACGCAGTCCCGAC,1189,638,8.2422,0.016175,0
GACAGCCGTTCCGTTC,22259,5101,8.3652,0.22314,1
GACAGCCTCCATACAG,14970,4072,7.9559,0.126935,1
GACAGCCTCGTAATGC,21183,4900,7.9451,0.126935,1
GACCAATGTAGTTAGA,25083,5404,8.6792,0.163914,1
GACCCAGTCAAGGAGC,14839,4078,8.2351,0.143508,1
GACCCTTTCGTTATCT,37464,6537,8.0744,0.22314,1
GACCTTCAGCGCTGAA,49064,7356,8.2851,0.189655,1
GACCTTCAGTCGCGAA,1823,918,8.9413,0.049494,0
GACCTTCAGTTAGAAC,11774,3474,8.2555,0.091787,1
GACGCTGAGGATTCCT,34949,6278,7.8657,0.189655,1
GACGCTGCAGTATTCG,439,304,8.2005,0.042213,0
GACTATGAGTCGCGAA,18669,4623,8.4418,0.143508,1
GACTCAAAGCATGCAG,1940,1001,6.7526,0.042213,0
GACTCAAAGCTAGTTC,33809,6289,8.0629,0.126935,1
GAGAAATGTACGGTTT,31349,5995,8.1789,0.163914,1
GAGAAATGTGACTGAG,33361,6220,8.1712,0.189655,1
GAGAAATTCACGACTA,471,331,8.9172,0.039033,0
GAGACCCAGCTGCGAA,11429,3392,8.1197,0.101651,1
GAGACTTAGAAGTGTT,26385,5505,8.1069,0.126935,1
GAGAGGTCATTGGGAG,18821,4608,7.8264,0.163914,1
GAGCTGCTCCGGCTTT,32834,6079,8.1775,0.143508,1
GAGGCCTGTCACAGTT,51344,7549,8.073,0.163914,1
GAGGCCTGTTGTGTTG,26209,5507,8.4475,0.126935,1
GAGGGATGTTCGGGTC,22822,5094,8.1676,0.163914,1
GAGTCATGTAAGCTCT,1758,874,7.7361,0.039033,0
GAGTCATTCTTCCTAA,25397,5451,7.9694,0.189655,1
GAGTCTAAGACCTTTG,26320,5595,8.1003,0.189655,1
GAGTCTACAGCCGTTG,21660,4941,8.1764,0.143508,1
GAGTGAGCAGTCAGCC,4867,1927,8.0542,0.069307,1
GAGTGAGTCAGTCCGG,23674,5154,8.144,0.113208,1
GAGTGTTCAAGACTGG,18860,4574,8.6055,0.113208,1
GAGTTGTCAAACGGCA,11849,3458,8.4058,0.143508,1
GAGTTGTCATCGGTTA,18456,4583,8.1925,0.083271,1
GAGTTTGCACAAGGTG,44904,7131,8.4558,0.143508,1
GATCAGTGTCTGCCTT,70708,8553,8.2947,0.143508,1
GATCATGGTGGTGATG,15901,4217,8.4083,0.113208,1
GATCCCTGTAACGGTG,42764,7013,8.0582,0.126935,1
GATCCCTTCACTCGAA,43833,7069,8.1514,0.189655,1
GATCGTATCAGCGCAC,10411,3208,8.0972,0.091787,1
GATGAGGGTCTAGGTT,18434,4586,8.11,0.163914,1
GATGAGGTCAATCGGT,24769,5300,7.9414,0.126935,1
GATGATCTCCATTTCA,24916,5302,8.0671,0.143508,1
GATGGAGCACGACCTG,11887,3534,7.9583,0.075843,1
GATGGAGGTGAAGCGT,23433,5175,8.6374,0.126935,1
GATTCGACAGCGTTGC,22398,5030,8.215,0.163914,1
GATTTCTAGTGAGGCT,19678,4707,8.3291,0.126935,1
GATTTCTCACCAACAT,22924,5210,8.2883,0.143508,1
GATTTCTCAGCCTATA,27888,5674,8.1074,0.163914,1
GCAACATAGTTGTACC,21651,5005,8.1798,0.189655,1
GCAACCGCAGTATTCG,31192,6036,8.3611,0.163914,1
GCACGTGCAACACAGG,7791,2671,8.0349,0.083271,1
GCACGTGGTTGGTAGG,17245,4409,8.0081,0.101651,1
GCACTAACAAGTATCC,96421,9539,8.2378,0.189655,1
GCAGCCACAAGGTACG,21878,5016,7.7109,0.268482,1
GCAGCCACATGTTCGA,6801,2469,8.19,0.083271,1
GCAGCTGTCCCAGTGG,20735,4868,8.5604,0.163914,1
GCAGGCTTCGATTCCC,12327,3612,7.9581,0.063512,1
GCAGTTAGTGAGTGAC,24131,5301,8.0312,0.126935,1
GCATCGGGTGCTATTG,14161,3889,8.3892,0.163914,1
GCATCGGTCGACCTAA,14130,3852,8.2095,0.113208,1
GCATCGGTCGGACGTC,15908,4265,8.1657,0.101651,1
GCATGATTCAAGGCTT,59683,8024,8.1782,0.189655,1
GCCAACGGTACCGTCG,9680,2977,8.3368,0.058338,1
GCCAGCACAAAGCTAA,169024,11332,8.145,0.143508,1
GCCAGCACAACTCATG,4547,1798,7.9173,0.063512,1
GCCAGCAGTTAAGAAC,23642,5152,8.1381,0.22314,1
GCCAGCATCCACCTCA,2571,1167,7.3123,0.039033,0
GCCAGGTCAGGACGAT,79155,8892,8.1991,0.189655,1
GCCAGTGCAGAACATA,22188,5073,7.9593,0.189655,1
GCCAGTGGTGTTCATG,20828,4836,8.1141,0.101651,1
GCCAGTGTCCGTAGTA,9326,3047,8.2672,0.101651,1
GCCATGGAGCCTCTGG,35252,6347,8.1499,0.22314,1
GCCATTCCACGACGCT,17321,4443,8.2443,0.143508,1
GCCCAGACAATGACCT,11189,3451,7.4001,0.143508,1
GCCCAGAGTGACCGTC,20431,4813,8.213,0.143508,1
GCCCGAAAGCTCGACC,23522,5236,8.1073,0.143508,1
GCCGATGAGCTCCCTT,36311,6465,8.1573,0.22314,1
GCCGTGAAGTTAGTAG,8037,2677,8.212,0.075843,1
GCCGTGAGTTATGTGC,44497,7132,8.2567,0.189655,1
GCCTGTTTCTGGAGAG,1096,623,8.0292,0.022589,0
GCGAGAAGTACTGTTG,8911,2849,8.0911,0.069307,1
GCGAGAATCACTGGTA,46370,7142,8.1604,0.163914,1
GCGAGAATCATTCCTA,7699,2637,8.6635,0.091787,1
GCGATCGGTAGATTGA,24326,5292,8.2134,0.163914,1
GCGATCGGTCTCGACG,8108,2742,7.7084,0.091787,1
GCGGAAAGTGTAACGG,27868,5663,8.2891,0.091787,1
GCGGAAATCAGACAAA,29218,5790,8.0088,0.143508,1
GCGTGCAAGACCTCCG,19748,4800,7.9856,0.126935,1
GCGTGCACAGTAGTTC,15665,4168,8.3051,0.113208,1
GCTACCTAGTCATGGG,27431,5631,8.0311,0.091787,1
GCTACCTTCTCGGGAC,60108,8048,8.2485,0.101651,1
GCTCAAAAGGCCCGTT,8973,2943,8.3918,0.083271,1
GCTCAAAAGTGACCTT,44766,7166,8.1937,0.143508,1
GCTCAAATCGGTTCAA,26136,5486,8.2606,0.163914,1
GCTGAATGTGGTTTGT,12318,3604,8.2887,0.083271,1
GCTGCAGCACCGGCTA,11398,3439,8.0453,0.101651,1
GCTTGGGAGCAGATAT,16374,4236,8.3181,0.163914,1
GCTTGGGCAGGTCAAG,10561,3261,7.897,0.049494,0
GCTTTCGCAGCACACC,69170,8470,8.0411,0.163914,1
GCTTTCGGTACTAAGA,27383,5608,8.2277,0.189655,1
GGAATCTGTGATTAGA,48035,7327,8.2294,0.113208,1
GGAATGGAGGGCAATC,22627,5130,8.0523,0.126935,1
GGAATGGCAAGGTACG,40202,6766,7.9673,0.126935,1
GGAATGGCAGTCGGAA,25808,5406,8.2494,0.143508,1
GGACGTCGTCGTGATT,35690,6365,8.0835,0.163914,1
GGAGAACCAGGCTATT,7891,2674,8.2119,0.083271,1
GGAGCAAAGAGTGTTA,15811,4136,8.2537,0.143508,1
GGAGCAAAGTACCCTA,28891,5819,8.2759,0.163914,1
GGAGGATAGACTCTAC,29345,5736,8.0014,0.163914,1
GGAGGATAGATCGGTG,18835,4639,8.0382,0.113208,1
GGAGGTACAAGAGATT,769,457,6.8921,0.020833,0
GGAGGTACAAGTTCGT,9998,3143,7.9216,0.083271,1
GGATGTTAGTTAGAAC,27335,5617,8.3519,0.163914,1
GGCACGTAGAGCAACC,18300,4527,8.4809,0.091787,1
GGCGTCAAGTGATCGG,16635,4356,7.9952,0.126935,1
GGCTGTGTCGTGTGGC,45120,7067,8.289,0.143508,1
GGCTTGGCACGTGAGA,18841,4648,8.0675,0.126935,1
GGCTTTCTCACTTTGT,81864,9025,8.155,0.143508,1
GGGAAGTCAAGACTGG,20681,4810,8.1186,0.091787,1
GGGACAACATTCTCTA,24541,5304,8.227,0.101651,1
GGGACAATCGGCTGAC,23999,5254,8.167,0.163914,1
GGGACCTAGCATGCAG,11614,3456,7.9559,0.101651,1
GGGACCTGTACCCAGC,37030,6516,8.0367,0.143508,1
GGGACCTTCTTGGATG,43916,7052,8.0449,0.143508,1
GGGACTCAGTCAATCC,76912,8782,8.2172,0.189655,1
GGGACTCCACAACCGC,27936,5700,7.7069,0.126935,1
GGGACTCGTGCCCTTT,34394,6382,8.327,0.126935,1
GGGAGTACAGCTGTGC,32367,6174,7.9,0.091787,1
GGGAGTACATGACAGG,18548,4645,8.3998,0.163914,1
GGGAGTAGTGTAGGAC,62958,8211,8.3627,0.143508,1
GGGAGTAGTGTTTGCA,13821,3836,7.7274,0.143508,1
GGGATCCCACAATCTG,31084,5964,8.2615,0.163914,1
GGGATCCTCACTCGAA,30103,5868,8.265,0.143508,1
GGGCCATCAAAGACTA,19628,4678,8.1873,0.113208,1
GGGCCATCAGAGGCAT,6010,2203,8.3694,0.063512,1
GGGCGTTCAGAACTTC,32647,6093,7.9701,0.22314,1
GGGCGTTTCGACATAC,39104,6648,8.0989,0.143508,1
GGGTATTAGGTTTACC,521,338,7.1017,0.028617,0
GGGTCACTCAATCAGC,72042,8607,8.13,0.163914,1
GGGTGAACAGTCTGGC,31101,6056,8.0544,0.126935,1
GGGTGTCCATTAAGCC,73102,8587,8.2296,0.268482,1
GGGTTATTCGACGAGA,10420,3222,8.2726,0.083271,1
GGTAACTAGCAGATAT,9246,2970,8.1441,0.053691,1
GGTAACTCATGCCATA,33496,6190,8.1622,0.126935,1
GGTAACTGTGCGACAA,7681,2642,8.137,0.101651,1
GGTAATCGTCTGCATA,22156,4976,8.1152,0.113208,1
GGTAGAGAGATTAGTG,45932,7201,7.9444,0.143508,1
GGTCACGTCTGCTGAA,14752,4005,8.3921,0.163914,1
GGTCTGGAGCTAGTTC,6743,2432,8.4087,0.063512,1
GGTCTGGTCCCGAAAT,29344,5840,8.1788,0.189655,1
GGTGAAGCAAATGAGT,28239,5805,8.382,0.163914,1
GGTGAAGGTTGTCAGT,30870,6035,8.0726,0.189655,1
GGTGATTCACGAGAAC,20036,4782,8.0555,0.163914,1
GGTGATTTCTATACGG,64848,8316,8.2439,0.143508,1
GGTGTCGCATAGCTGT,16409,4297,7.7701,0.143508,1
GGTGTCGTCGAACGGA,19307,4617,8.3752,0.113208,1
GGTTGTACAGTGCCTG,23160,5129,8.6097,0.22314,1
GGTTGTATCCATTCGC,360,258,8.6111,0.020833,0
GTAACACGTCCTCATC,44151,7049,8.0882,0.163914,1
GTAAGTCGTTACCCAA,10188,3138,8.3333,0.113208,1
GTAAGTCTCGATACTG,27836,5661,8.2663,0.101651,1
GTAATCGAGACATAGT,22586,5121,8.0714,0.143508,1
GTAATCGAGACGCCCT,249,177,10.8434,0.026467,0
GTAATCGCAGGTCAAG,22351,5065,8.3173,0.189655,1
GTAATCGTCCCTCTAG,29660,5893,8.3817,0.143508,1
GTAATGCGTTTCGTGA,21369,4958,8.0678,0.163914,1
GTAATGCTCTAGCCAA,21962,5091,7.9911,0.143508,1
GTACAACGTAGACAGC,25587,5426,7.8907,0.143508,1
GTAGAAAAGCTCTTCC,49036,7359,8.1675,0.113208,1
GTAGAGGCACGTACAT,295,211,9.4915,0.024463,0
GTAGAGGCAGGTCAGA,28108,5735,8.0511,0.126935,1
GTAGCTAAGCACACCC,704,421,8.8068,0.039033,0
GTAGCTATCAGGTGTT,23740,5239,7.818,0.143508,1
GTAGGAGGTGGAGAAA,28613,5697,8.3039,0.163914,1
GTAGTACGTATCGCTA,867,513,8.5352,0.022589,0
GTATTTCAGCGTTGTT,20176,4757,8.1037,0.091787,1
GTATTTCTCGCAATTG,43058,6932,8.1541,0.163914,1
GTCAAACAGGAATTAC,23102,5056,8.562,0.113208,1
GTCAAACGTGCCTATA,29366,5865,8.1216,0.189655,1
GTCAAGTCACTGAGGA,23859,5266,8.2485,0.113208,1
GTCACTCTCGAGCCTG,39075,6693,8.1663,0.163914,1
GTCAGCGAGTGAGGTC,7306,2495,8.2261,0.113208,1
GTCAGCGCACACACTA,17461,4403,8.161,0.113208,1
GTCATTTCAGACCTGC,21274,4936,8.0897,0.268482,1
GTCATTTCAGATCCAT,11783,3463,8.4868,0.083271,1
GTCCACTCACCGTACG,37237,6564,7.9625,0.189655,1
GTCCCATAGCGCCTAC,46978,7276,8.0357,0.101651,1
GTCCTCACATCGCCTT,21371,4932,8.2869,0.126935,1
GTCCTCAGTCACAATC,2392,1144,8.3194,0.039033,0
GTCGAATAGCGCCTCA,31575,6053,8.2692,0.143508,1
GTCGAATAGGTCATTC,24884,5358,8.1217,0.189655,1
GTCGCGACAGCGTGAA,2577,1206,8.2654,0.033419,0
GTCGTAAAGATGCTTC,5130,2068,7.8752,0.053691,1
GTCGTTCAGGCATGGT,16174,4297,8.3467,0.113208,1
GTCGTTCGTCAGTCTA,8079,2752,7.9342,0.083271,1
GTCTAGATCCCTTGGT,26510,5535,8.1667,0.126935,1
GTCTTTACACTGAGGA,13640,3808,8.585,0.083271,1
GTCTTTACATCTCATT,32466,6097,8.1932,0.22314,1
GTGAGTTGTTTGGCTA,2149,1060,8.5156,0.039033,0
GTGATGTCAGTTAGGG,15205,4117,8.3591,0.113208,1
GTGCAGCCAAAGACTA,26795,5510,8.1433,0.143508,1
GTGCTTCAGCGTGTTT,29919,5942,8.3225,0.163914,1
GTGGCGTGTCGTATGT,14044,3853,7.7542,0.101651,1
GTGGGAAAGTTCTCTT,7307,2554,8.0197,0.083271,1
GTGGTTACAATAGTAG,29945,5815,8.3219,0.143508,1
GTGGTTACATGTGGCC,414,298,9.6618,0.033419,0
GTGGTTATCAACACCA,14949,4017,8.3685,0.075843,1
GTGGTTATCATCGACA,26182,5539,8.0972,0.143508,1
GTGTAACAGATCCCAT,29842,5831,8.4612,0.143508,1
GTGTAACCAGCAGGAT,23069,5154,8.0238,0.163914,1
GTGTAACTCTTGCGCT,8851,2960,7.7053,0.101651,1
GTGTCCTAGAATTCAG,29289,5783,8.0303,0.126935,1
GTGTCCTCACATCATG,14459,3950,7.8083,0.143508,1
GTGTGGCAGGCCTGCT,18787,4689,8.3249,0.163914,1
GTGTGGCGTTCGGACC,546,352,8.0586,0.030928,0
GTGTTAGAGTAATACG,21727,5002,8.3445,0.091787,1
GTGTTCCAGACAACAT,46893,7255,7.9884,0.126935,1
GTGTTCCGTCGTAATC,9242,3014,8.1151,0.083271,1
GTTACCCGTTATAGCC,25582,5459,8.2089,0.189655,1
GTTACCCTCCTGATAG,26046,5454,8.4082,0.113208,1
GTTACGAGTGCAACAG,20263,4807,7.9801,0.126935,1
GTTACGATCTTGGTCC,60423,8064,8.1095,0.126935,1
GTTAGTGCAATGAGCG,6739,2386,7.1227,0.042213,0
GTTAGTGGTGTTATCG,35968,6442,8.1128,0.163914,1
GTTATGGAGCCGTAAG,19115,4654,7.9048,0.189655,1
GTTATGGCAGCAGATG,9369,3015,8.4214,0.063512,1
GTTCATTAGCACTCAT,44848,7047,8.2367,0.126935,1
GTTCCGTGTCAACACT,55899,7767,8.2005,0.143508,1
GTTCCGTTCTTAGCAG,38394,6569,8.1419,0.163914,1
GTTCTATCAGGTCCGT,18465,4460,8.4051,0.189655,1
GTTGAACCACGCCAGT,19945,4723,8.1324,0.22314,1
GTTGAACTCGAGAAAT,74377,8758,8.0603,0.163914,1
GTTGCGGGTGCCCAGT,22523,5142,8.2138,0.113208,1
GTTGCTCTCATTACTC,81785,9034,8.1616,0.163914,1
GTTGTAGAGAAGCGCT,3508,1526,8.6659,0.053691,1
GTTGTCCAGTCAATCC,18741,4530,8.1532,0.091787,1
GTTTACTCAAGCTACT,27391,5588,8.1633,0.143508,1
GTTTGGATCCGTCAAA,13616,3760,8.49,0.101651,1
TAACGACAGGTGAGCT,43359,6935,8.0952,0.333333,1
TAACGACCAGGTAGTG,27585,5622,7.9826,0.126935,1
TAAGCACAGTGAACAT,27137,5578,8.4313,0.091787,1
TAAGCACCAAATCAGA,20822,4861,7.9579,0.143508,1
TAAGCCAAGGTTGCCC,42782,6989,8.2394,0.189655,1
TAAGCGTGTCAAAGTA,14277,3957,8.5872,0.126935,1
TAAGCGTGTTGGGTAG,11002,3320,7.7531,0.069307,1
TAAGTCGAGAAAGTCT,22264,5002,8.5205,0.126935,1
TAATCTCAGAAACCCG,11288,3392,8.5932,0.083271,1
TAATTCCGTAACACCT,38380,6563,8.1058,0.143508,1
TACAACGGTGTCGATT,24999,5338,7.9083,0.091787,1
TACACCCAGCAAGGAA,1512,784,7.4735,0.024463,0
TACCGAAGTCGCAGTC,9039,2997,8.1425,0.091787,1
TACCGGGGTTCTTGCC,23569,5234,8.3075,0.143508,1
TACCGGGTCACCTGTC,3102,1377,8.3172,0.058338,1
TACCTCGAGACCTGGA,238,195,7.9832,0.033419,0
TACCTCGGTATCGAGG,132881,10515,8.2532,0.189655,1
TACCTGCCAGTAGTGG,29459,5815,8.2895,0.126935,1
TACCTGCTCTAGCCAA,20001,4756,8.1796,0.268482,1
TACGCTCGTACTCAAC,34094,6329,8.3328,0.163914,1
TACGGTAAGCGATGCA,9601,3050,8.2075,0.069307,1
TACGGTACAGCTCCTT,36640,6454,8.0895,0.163914,1
TACTGCCCACGCGCTA,46600,7296,8.3391,0.189655,1
TACTTCACAGTTGGTT,35458,6374,8.0461,0.126935,1
TACTTGTAGGTCACAG,28630,5718,8.1663,0.113208,1
TACTTGTCATCGAACT,26974,5565,8.3562,0.113208,1
TAGACCAGTCGTGATT,39715,6694,8.2588,0.333333,1
TAGAGTCCAACCGCCA,20177,4747,8.252,0.143508,1
TAGAGTCGTACCGGCT,13818,3834,8.1922,0.126935,1
TAGAGTCGTCCATAGT,32492,6101,7.9496,0.189655,1
TAGATCGAGAGAGCCT,19839,4713,7.9389,0.101651,1
TAGATCGCAGCCGGTT,28465,5696,8.2312,0.189655,1
TAGATCGGTGGAAATT,703,426,8.6771,0.036112,0
TAGCACACAGGAATCG,33042,6183,8.4135,0.113208,1
TAGCACAGTGATGGCA,28992,5754,8.6472,0.189655,1
TAGGAGGCATAATCGC,39224,6723,8.2628,0.189655,1
TAGGAGGGTTAGGCTT,15000,4011,7.8667,0.091787,1
TAGGTTGCATGGGTTT,13058,3654,8.4699,0.101651,1
TAGGTTGGTCCATAGT,76722,8786,8.1671,0.22314,1
TAGTGCACAAGAAACT,22936,5159,8.2839,0.163914,1
TAGTGCATCGACATAC,35190,6374,8.0222,0.189655,1
TATACCTTCGTGCGAC,15538,4093,8.1542,0.069307,1
TATATCCAGGTAAAGG,40817,6829,8.0138,0.22314,1
TATATCCCATCATCCC,47222,7235,8.1085,0.163914,1
TATCTGTCACTGAGGA,29340,5795,8.1084,0.143508,1
TATGTTCTCCGTCAAA,39164,6772,8.0303,0.22314,1
TATTGCTCAGTGTGGA,17242,4433,7.8355,0.163914,1
TCAAGCATCCGCTGTT,96901,9585,8.0061,0.163914,1
TCAATCTGTGTTGATC,58663,7986,8.0562,0.189655,1
TCAATCTTCTCTGGTC,14639,3987,8.0333,0.126935,1
TCAATTCTCCCTAGGG,23825,5187,8.063,0.126935,1
TCACACCGTCGAGCTC,27238,5568,8.2605,0.143508,1
TCACGCTAGCTTACGT,29704,5913,7.8912,0.126935,1
TCACGCTGTGACAGGT,23495,5158,8.1677,0.126935,1
TCACTCGGTGGGAGAG,20412,4819,7.9561,0.113208,1
TCAGCAACAGGAATCG,37971,6619,8.2747,0.143508,1
TCAGCCTAGGATCACG,26771,5625,8.2141,0.126935,1
TCAGGGCTCAGAGTGG,20598,4747,8.7533,0.143508,1
TCAGGTAAGGACAGCT,28698,5794,8.4222,0.143508,1
TCAGTCCCAGACCTGC,24485,5379,8.1397,0.113208,1
TCAGTGACAAGCAGGT,23481,5195,8.1129,0.113208,1
TCAGTTTCAGCCGTTG,137169,10622,8.168,0.163914,1
TCATACTTCGGCATTA,40159,6750,7.9584,0.126935,1
TCATATCAGACCAACG,612,379,7.5163,0.033419,0
TCATCCGAGAAGGATG,25997,5543,8.2086,0.126935,1
TCATCCGCAAATGCTC,9833,3113,8.7054,0.083271,1
TCATCCGCAATACAGA,29953,5827,8.3664,0.126935,1
TCATGAGAGTCAGCCC,6656,2355,8.4285,0.063512,1
TCATGCCAGGGTTAAT,33467,6232,8.0467,0.113208,1
TCATGCCGTGGAACAC,18190,4516,8.2133,0.143508,1
TCATGCCTCTGAATCG,22487,5050,8.3115,0.113208,1
TCATGTTCACCGTGAC,60144,8126,8.064,0.163914,1
TCATTCACAACGGCTC,38058,6617,7.9169,0.126935,1
TCATTCAGTCTCGCGA,24873,5344,8.1655,0.113208,1
TCATTTGCATCTTCGC,1085,618,8.0184,0.017636,0
TCATTTGGTCTACGAT,36510,6473,8.2881,0.189655,1
TCCAGAAGTTAGGACG,27601,5643,8.3656,0.22314,1
TCCATCGCACATTCGA,43659,7030,8.3763,0.189655,1
TCCATCGTCAAACGTC,16218,4274,8.1206,0.143508,1
TCCATGCGTTAAGCAA,48547,7341,7.9758,0.143508,1
TCCCACAAGTCATCGT,21803,5036,8.1365,0.143508,1
TCCCATGCACAGTATC,18531,4625,7.9003,0.113208,1
TCCCATGGTTGTGCCG,42463,6877,8.2166,0.22314,1
TCCCATGGTTTAGTCG,23002,5181,8.2297,0.143508,1
TCCGAAACACGTGTGC,26087,5524,8.05,0.143508,1
TCCGAAATCAGAACCT,27424,5635,8.0331,0.189655,1
TCCGAAATCTCTCGAC,38572,6690,8.278,0.143508,1
TCCGATCTCGGTTCAA,28206,5683,8.2926,0.143508,1
TCCGGGACACTATCGA,250,186,8.8,0.042213,0
TCCTCCCTCACACGAT,43523,6964,8.2347,0.22314,1
TCCTCCCTCGAGTTGT,4138,1688,7.9265,0.042213,0
TCCTCGACACGTGTGC,51663,7530,8.267,0.189655,1
TCCTCGACATAAGCGG,28943,5776,8.1194,0.189655,1
TCCTCGAGTTATCTTC,28021,5649,8.0297,0.126935,1
TCCTCTTAGGGTTTCT,58092,7955,8.113,0.189655,1
TCCTCTTGTCGAATGG,13475,3818,8.0965,0.101651,1
TCCTCTTGTTCTAACG,51765,7579,8.2218,0.126935,1
TCCTGCACAGCAGGAT,38231,6633,8.1583,0.113208,1
TCCTTCTAGCGATTCT,40909,6877,8.2378,0.163914,1
TCCTTTCCATTAAAGG,13121,3711,7.7662,0.091787,1
TCGAACACAAGCTGTT,29349,5854,8.2115,0.143508,1
TCGAACATCCCTCGAT,10323,3226,7.8272,0.049494,0
TCGAAGTGTTGCGAAG,2401,1133,8.7464,0.049494,0
TCGACGGCAGAAGCGT,1913,892,8.207,0.069307,1
TCGACGGGTGACTCTA,12595,3652,8.3049,0.113208,1
TCGATTTAGTCAGAGC,23967,5223,7.986,0.101651,1
TCGCAGGCACGGAAGT,60341,8088,8.0509,0.163914,1
TCGCTCAGTTTGGAGG,58394,7951,8.1567,0.189655,1
TCGGATACAGGTGTGA,27752,5697,8.1039,0.22314,1
TCGGATATCAGGACAG,30301,5944,8.0129,0.189655,1
TCGGTCTTCACCGGGT,19335,4663,7.9855,0.143508,1
TCGTAGATCGTGAGAG,242,185,6.6116,0.030928,0
TCGTGCTCACTGTGAT,4276,1745,8.3022,0.045685,0
TCTAACTTCCTCAGGG,62264,8084,8.2439,0.126935,1
TCTACATCACAGCATT,12232,3532,8.2734,0.126935,1
TCTACATCACTTCATT,48643,7336,8.2252,0.126935,1
TCTACCGTCCACGGAC,41502,6849,8.2213,0.189655,1
TCTATACCATCGCTCT,57110,7848,8.1509,0.22314,1
TCTATACTCGACCATA,23449,5209,7.8724,0.163914,1
TCTATCAAGAGTGTGC,16324,4223,8.3864,0.189655,1
TCTCACGTCACGGGAA,34630,6334,8.4262,0.143508,1
TCTCAGCGTAGTCCTA,7548,2617,8.638,0.126935,1
TCTCAGCTCAGTCAGT,22922,5118,8.3021,0.113208,1
TCTCTGGAGCACTCTA,36327,6459,8.14,0.126935,1
TCTGGCTGTAGTCTGT,35415,6454,8.2394,0.101651,1
TCTGTCGCATACTTTC,38040,6606,8.1467,0.143508,1
TCTTAGTTCATGACAC,43263,6972,8.1987,0.163914,1
TCTTCCTAGCTTCGTA,24552,5314,8.1663,0.163914,1
TCTTCCTGTGTGTGGA,26747,5583,8.2888,0.113208,1
TGAACGTCAGTGTATC,26753,5557,7.9804,0.163914,1
TGAATCGTCCGTAGGC,25692,5465,8.3761,0.143508,1
TGAATGCGTAGCGCTC,15477,4180,8.167,0.126935,1
TGAATGCTCGCCTATC,22641,5084,7.9899,0.189655,1
TGACAGTAGCACACCC,29349,5906,8.0241,0.101651,1
TGACAGTTCATGCGGC,26736,5450,8.2099,0.126935,1
TGACAGTTCTTCCTAA,115663,10169,8.1582,0.268482,1
TGACCCTGTAACCCGC,60873,8042,8.1547,0.189655,1
TGACCCTTCGCCGAAC,21818,5030,8.2272,0.143508,1
TGACGCGCAAGGCAAC,500,330,8.0,0.033419,0
TGACTCCCACACACTA,336,232,8.3333,0.042213,0
TGAGGAGGTCATCAGT,1022,562,9.4912,0.017636,0
TGAGGGATCTCATGGA,21172,4939,8.2562,0.126935,1
TGAGGTTTCCATTGGA,7417,2571,8.3592,0.069307,1
TGAGTCATCATCAGTG,23734,5248,8.2287,0.143508,1
TGATCAGCACTGCACG,16586,4317,8.3745,0.101651,1
TGATCAGTCGGCTTCT,27886,5610,7.9215,0.163914,1
TGATCTTGTCGTTTCC,349,248,5.4441,0.028617,0
TGATGCAAGGTCGTGA,16348,4175,7.5973,0.163914,1
TGATGCATCGTCGCTT,26770,5550,8.0538,0.268482,1
TGATGGTAGACTCTTG,15397,4060,8.2224,0.113208,1
TGATGGTCACATGTTG,14800,4034,8.2432,0.101651,1
TGATTTCCACATGGTT,34801,6345,8.1032,0.101651,1
TGCACGGAGCGTCAAG,22417,5104,8.1411,0.113208,1
TGCAGATTCCATTTCA,25804,5436,8.2507,0.126935,1
TGCAGATTCGACCAAT,26350,5459,8.425,0.113208,1
TGCAGGCCATCCGATA,8602,2868,8.2074,0.075843,1
TGCAGGCTCCGGTAGC,18643,4617,7.9762,0.126935,1
TGCAGTATCGTGTCAA,13943,3902,8.1475,0.075843,1
TGCATCCGTGTTCCAA,25788,5430,8.1782,0.113208,1
TGCATGAAGTTTGCTG,27833,5686,7.969,0.126935,1
TGCATGAGTCTTGAAC,10488,3213,8.4764,0.083271,1
TGCGACGCAATTGCAC,18795,4633,8.1777,0.091787,1
TGCGGGTAGTAGAATC,13382,3796,7.9958,0.101651,1
TGCGGGTGTATTTCTC,14348,3930,7.9941,0.091787,1
TGCTCCAAGACGACTG,15848,4212,7.919,0.091787,1
TGCTCCACATTCTGTT,26664,5511,7.9583,0.143508,1
TGCTCCAGTTGCTAGT,326,242,6.135,0.049494,0
TGCTGAAAGTAGACAT,10720,3269,8.7034,0.069307,1
TGGAGAGAGGCAATGC,22602,5067,8.3267,0.163914,1
TGGAGGACACGGCGTT,44141,7070,8.0741,0.143508,1
TGGAGGAGTCCATCTC,51670,7674,8.1595,0.189655,1
TGGATCACATCAGCGC,22468,5077,8.3541,0.126935,1
TGGATGTGTTAAGAAC,21788,4980,8.3119,0.143508,1
TGGCGTGGTTTAGACC,46805,7244,8.2384,0.189655,1
TGGGAGAGTCCTGTCT,16697,4346,8.1272,0.126935,1
TGGGAGATCACCTACC,64410,8309,8.4117,0.143508,1
TGGGATTTCTCGTCGT,17681,4424,7.6297,0.163914,1
TGGGCGTAGAGGGTAA,18170,4568,7.9582,0.126935,1
TGGGCGTTCTCTTGCG,25707,5476,8.0251,0.126935,1
TGGGCTGAGACATGCG,11731,3555,7.9448,0.113208,1
TGGTACAAGGCGTCCT,16884,4333,8.1734,0.101651,1
TGGTAGTGTTATCCAG,22411,5091,8.5315,0.189655,1
TGGTGATCAGATTAAG,4726,1858,8.5061,0.042213,0
TGGTTAGCACCCTAGG,51887,7551,8.1986,0.189655,1
TGTAAGCGTTGCTCAA,10113,3146,7.9699,0.101651,1
TGTACAGAGCCGAATG,23460,5139,8.0776,0.113208,1
TGTACAGAGCGCCTCA,13828,3847,8.6347,0.126935,1
TGTCCACGTCGAAACG,16701,4352,8.0833,0.113208,1
TGTCCACTCGTCGGGT,17992,4527,8.1258,0.163914,1
TGTCCTGAGAGGTTTA,35272,6348,8.3437,0.143508,1
TGTCCTGGTGCGAGTA,1680,881,8.2143,0.030928,0
TGTCCTGGTGGCTTGC,15751,4126,8.2027,0.091787,1
TGTGAGTGTTAAGTCC,19797,4740,8.0972,0.126935,1
TGTGCGGCAAGACGGT,37303,6559,8.2326,0.189655,1
TGTGGCGCACTGTGTA,24233,5277,8.1748,0.091787,1
TGTGGCGGTACGCTAT,16232,4257,8.2676,0.189655,1
TGTGTGACATTCCTAT,59485,8010,8.1533,0.143508,1
TGTTCATCAGAGGACT,25160,5314,8.5135,0.22314,1
TGTTCCGAGTGGTTGG,23926,5182,7.9579,0.163914,1
TGTTCCGGTGGTATGG,10727,3222,8.8002,0.101651,1
TGTTCTACAGTTACCA,278,212,8.9928,0.017636,0
TGTTGGAGTTCGAACT,20862,4905,7.9379,0.126935,1
TTACAGGAGAGGCGTT,14056,3882,8.6298,0.101651,1
TTACAGGCACCGCTAG,13066,3739,8.3499,0.113208,1
TTACAGGGTCCTCCTA,43306,6989,8.2968,0.143508,1
TTACCATCAAGAAACT,36549,6433,8.2601,0.163914,1
TTACCATGTGAGGAAA,51958,7514,8.3356,0.189655,1
TTACGCCGTTACGTAC,24120,5245,8.4494,0.113208,1
TTACGTTGTAAGGCCA,262,200,6.8702,0.036112,0
TTAGTCTAGACGATAT,30110,5830,8.3693,0.126935,1
TTAGTCTGTACTCGCG,23002,5180,8.3384,0.163914,1
TTCAATCAGCCATGCC,31254,6013,8.0502,0.163914,1
TTCACCGAGACTTCGT,6186,2316,7.7595,0.058338,1
TTCACGCTCCAAATGC,45764,7222,8.2292,0.143508,1
TTCAGGAAGCATATGA,26849,5578,8.1418,0.189655,1
TTCAGGACATGAATAG,14666,3938,8.3458,0.091787,1
TTCATGTCACTTGAAC,36384,6484,8.1409,0.268482,1
TTCCACGGTCGCCACA,19215,4644,7.8636,0.163914,1
TTCCGGTCAGTGTACT,7437,2575,7.7047,0.143508,1
TTCCGGTTCCCATGGG,14110,3887,8.618,0.101651,1
TTCCGGTTCCGTAATG,14145,3877,8.3422,0.058338,1
TTCCTAAAGACTTCAC,592,388,8.6149,0.028617,0
TTCCTCTCATACCATG,41230,6843,8.1712,0.113208,1
TTCCTCTGTACAGGTG,36585,6469,8.2192,0.163914,1
TTCCTCTGTATCACGT,38620,6546,8.2056,0.126935,1
TTCCTTCAGGTTTACC,17395,4379,7.8931,0.126935,1
TTCGATTAGTGGTCAG,777,486,9.1377,0.017636,0
TTCGATTGTCCGATCG,16698,4338,8.4741,0.163914,1
TTCGCTGTCGATACTG,23129,5207,8.2494,0.143508,1
TTCGGTCTCGAGAATA,7764,2632,8.0629,0.063512,1
TTCTAACTCCGTGGTG,28575,5865,8.0875,0.163914,1
TTCTAGTGTGTCGCTG,10938,3318,8.4933,0.063512,1
TTCTCTCCATAAGCAA,197441,11749,8.2308,0.163914,1
TTCTGTAAGCGATTCT,18342,4523,8.1507,0.101651,1
TTCTGTATCTCCCAAC,24529,5276,8.3085,0.189655,1
TTGAACGAGATACAGT,10461,3219,7.8482,0.091787,1
TTGAACGGTAATCAAG,8602,2792,8.6259,0.126935,1
TTGATGGCACTCGATA,40589,6734,8.0564,0.126935,1
TTGCATTCACGGTGTC,29590,5790,7.9892,0.143508,1
TTGCATTGTCCATCTC,24303,5275,8.0648,0.113208,1
TTGCATTGTTGCATAC,22075,5085,7.9592,0.22314,1
TTGCCTGAGACTTAAG,38569,6605,8.0609,0.163914,1
TTGCGTCCACGCGTCA,15156,4081,8.683,0.143508,1
TTGGATGCAAGGTCTT,38090,6614,8.1202,0.163914,1
TTGGATGGTGAGTGAC,36868,6513,8.2185,0.22314,1
TTGGGATTCGGCAGTC,23691,5150,7.9566,0.126935,1
TTGGGCGAGACATAAC,27211,5662,7.9857,0.22314,1
TTGGGCGGTTGCCTAA,16803,4364,8.308,0.113208,1
TTGGGTAAGGCCACTC,36253,6455,7.8614,0.143508,1
TTGGGTAAGGTGCGAT,3309,1420,8.4618,0.049494,0
TTGGGTAAGTCGCCCA,22468,5105,8.2784,0.22314,1
TTGTGGACACACCGAC,15277,4079,7.8484,0.101651,1
TTGTGGATCTACGCGG,25215,5359,8.2292,0.143508,1
TTGTGTTAGACCTTTG,28152,5631,7.939,0.126935,1
TTGTGTTAGTAGATCA,14163,3873,7.9503,0.091787,1
TTGTTCAAGCTGGCCT,7204,2546,8.1899,0.101651,1
TTGTTTGAGTTGGGAC,25326,5443,8.2208,0.22314,1
TTGTTTGCACCAAATC,26598,5476,7.9329,0.163914,1
TTGTTTGGTACCAGAG,18286,4531,8.3944,0.143508,1
TTGTTTGGTTCTCCTG,25751,5487,7.8948,0.113208,1
TTTACGTCAGGCGAAT,599,360,7.0117,0.045685,0
TTTACGTTCATCACAG,14455,3973,8.018,0.113208,1
TTTAGTCCACTGAGGA,18414,4605,8.3523,0.113208,1
TTTCACATCGGACGTC,3029,1351,8.2866,0.042213,0
TTTCACATCTAGGCCG,10722,3291,8.4686,0.091787,1
TTTCATGAGTGATTCC,14377,3865,7.9363,0.189655,1
TTTCGATCATCCGTGG,1846,918,9.5883,0.042213,0
TTTGATCAGACTCCGC,31127,6007,7.9449,0.189655,1
TTTGATCCATCCTCAC,29032,5728,8.1565,0.101651,1
TTTGGAGAGTAGGCCA,16350,4231,8.1346,0.126935,1
TTTGGAGCACCGCTGA,21541,4990,7.8409,0.126935,1
TTTGGTTCAGGGAATC,22277,5081,8.2731,0.126935,1
